{"id":"hello","date":"2013\/06\/07 07:31:45","time":1370590305,"size":520073,"description":"Page template created by tskim","files":["resources\/images\/appcropolis-homescreen.png","resources\/images\/appcropolis-icon.png","resources\/images\/appcropolis-sm.png","resources\/css\/hello.css","resources\/js\/hello.js","vendors\/jquery\/jquery-1.8.2.min.js","vendors\/jqm\/1.3.0\/images\/ajax-loader.gif","vendors\/jqm\/1.3.0\/images\/icons-18-black.png","vendors\/jqm\/1.3.0\/images\/icons-18-white.png","vendors\/jqm\/1.3.0\/images\/icons-36-black.png","vendors\/jqm\/1.3.0\/images\/icons-36-white.png","vendors\/jqm\/1.3.0\/jquery.mobile-1.3.0.min.css","vendors\/jqm\/1.3.0\/jquery.mobile-1.3.0.min.js","vendors\/appcropolis-icons-set-a\/LICENSE.txt","vendors\/appcropolis-icons-set-a\/README.txt","vendors\/appcropolis-icons-set-a\/font\/icons-set-a.eot","vendors\/appcropolis-icons-set-a\/font\/icons-set-a.svg","vendors\/appcropolis-icons-set-a\/font\/icons-set-a.ttf","vendors\/appcropolis-icons-set-a\/font\/icons-set-a.woff","vendors\/appcropolis-icons-set-a\/icons-set-a.css","hello.html","LICENSE.txt"],"parts":{"header":"none","subheader":"seed-subheader","content":"form-elements","footer":"three-buttons"},"domains":[]}